algo,M,N,K,ms,gflops,valid
naive 16x16,256,256,256,0.197632,169.782,yes
shared 32x8 tk32,256,256,256,0.152384,220.197,yes
vectorized 32x8,256,256,256,0.194592,172.435,yes
vec-opt 64x64,256,256,256,0.153856,218.09,yes
tensorcore wmma16,256,256,256,0.180192,186.215,yes
naive 16x16,512,512,512,0.119808,2240.55,yes
shared 32x8 tk32,512,512,512,0.13824,1941.81,yes
vectorized 32x8,512,512,512,0.191488,1401.84,yes
vec-opt 64x64,512,512,512,0.041984,6393.76,yes
tensorcore wmma16,512,512,512,0.083968,3196.88,yes
naive 16x16,1024,1024,1024,1.07213,2003.01,yes
shared 32x8 tk32,1024,1024,1024,0.924672,2322.43,yes
vectorized 32x8,1024,1024,1024,0.871424,2464.34,yes
vec-opt 64x64,1024,1024,1024,0.156672,13706.9,yes
tensorcore wmma16,1024,1024,1024,0.442368,4854.52,yes
naive 16x16,2048,2048,2048,6.22797,2758.5,yes
shared 32x8 tk32,2048,2048,2048,7.7015,2230.72,yes
vectorized 32x8,2048,2048,2048,6.8352,2513.44,yes
vec-opt 64x64,2048,2048,2048,1.04141,16496.8,yes
tensorcore wmma16,2048,2048,2048,3.31981,5174.96,yes
naive 16x16,4096,4096,4096,61.8927,2220.6,yes
shared 32x8 tk32,4096,4096,4096,60.1826,2283.7,yes
vectorized 32x8,4096,4096,4096,51.0577,2691.84,yes
vec-opt 64x64,4096,4096,4096,7.52947,18253.5,yes
tensorcore wmma16,4096,4096,4096,30.124,4562.44,yes
naive 16x16,256,256,256,0.183296,183.061,yes
shared 32x8 tk32,256,256,256,0.172032,195.048,yes
vectorized 32x8,256,256,256,0.18944,177.124,yes
vec-opt 64x64,256,256,256,0.079872,420.103,yes
tensorcore wmma16,256,256,256,0.130048,258.016,yes
naive 16x16,512,512,512,0.111616,2404.99,yes
shared 32x8 tk32,512,512,512,0.141312,1899.59,yes
vectorized 32x8,512,512,512,0.157696,1702.23,yes
vec-opt 64x64,512,512,512,0.044032,6096.37,yes
tensorcore wmma16,512,512,512,0.084992,3158.36,yes
naive 16x16,1024,1024,1024,1.03731,2070.24,yes
shared 32x8 tk32,1024,1024,1024,0.93184,2304.56,yes
vectorized 32x8,1024,1024,1024,0.872448,2461.45,yes
vec-opt 64x64,1024,1024,1024,0.151552,14169.9,yes
tensorcore wmma16,1024,1024,1024,0.444512,4831.1,yes
naive 16x16,2048,2048,2048,6.49421,2645.41,yes
shared 32x8 tk32,2048,2048,2048,7.67283,2239.05,yes
vectorized 32x8,2048,2048,2048,8.48685,2024.29,yes
vec-opt 64x64,2048,2048,2048,1.04346,16464.4,yes
tensorcore wmma16,2048,2048,2048,3.23795,5305.78,yes
naive 16x16,4096,4096,4096,51.361,2675.94,yes
shared 32x8 tk32,4096,4096,4096,59.1626,2323.07,yes
vectorized 32x8,4096,4096,4096,52.6582,2610.02,yes
vec-opt 64x64,4096,4096,4096,7.52845,18255.9,yes
tensorcore wmma16,4096,4096,4096,32.4217,4239.1,yes
naive 16x16,256,256,256,0.384,87.3813,yes
shared 32x8 tk32,256,256,256,0.118528,283.093,yes
vectorized 32x8,256,256,256,0.149504,224.438,yes
vec-opt 64x64,256,256,256,0.129024,260.063,yes
tensorcore wmma16,256,256,256,0.118784,282.483,yes
naive 16x16,512,512,512,0.110592,2427.26,yes
shared 32x8 tk32,512,512,512,0.130048,2064.13,yes
vectorized 32x8,512,512,512,0.157696,1702.23,yes
vec-opt 64x64,512,512,512,0.040896,6563.86,yes
tensorcore wmma16,512,512,512,0.083968,3196.88,yes
naive 16x16,1024,1024,1024,0.79872,2688.66,yes
shared 32x8 tk32,1024,1024,1024,0.928768,2312.19,yes
vectorized 32x8,1024,1024,1024,0.879616,2441.39,yes
vec-opt 64x64,1024,1024,1024,0.155648,13797.1,yes
tensorcore wmma16,1024,1024,1024,0.4432,4845.41,yes
naive 16x16,2048,2048,2048,8.65178,1985.7,yes
shared 32x8 tk32,2048,2048,2048,7.46906,2300.14,yes
vectorized 32x8,2048,2048,2048,6.88947,2493.64,yes
vec-opt 64x64,2048,2048,2048,1.03834,16545.6,yes
tensorcore wmma16,2048,2048,2048,3.73965,4593.98,yes
naive 16x16,4096,4096,4096,50.7924,2705.89,yes
shared 32x8 tk32,4096,4096,4096,58.2185,2360.74,yes
vectorized 32x8,4096,4096,4096,52.9471,2595.78,yes
vec-opt 64x64,4096,4096,4096,7.52742,18258.4,yes
tensorcore wmma16,4096,4096,4096,32.0196,4292.34,yes
naive 16x16,256,256,256,0.14832,226.23,yes
shared 32x8 tk32,256,256,256,0.101376,330.99,yes
vectorized 32x8,256,256,256,0.15872,211.406,yes
vec-opt 64x64,256,256,256,0.121856,275.361,yes
tensorcore wmma16,256,256,256,0.147456,227.556,yes
naive 16x16,512,512,512,0.111616,2404.99,yes
shared 32x8 tk32,512,512,512,0.130048,2064.13,yes
vectorized 32x8,512,512,512,0.1536,1747.63,yes
vec-opt 64x64,512,512,512,0.031744,8456.26,yes
tensorcore wmma16,512,512,512,0.084992,3158.36,yes
naive 16x16,1024,1024,1024,0.80384,2671.53,yes
shared 32x8 tk32,1024,1024,1024,0.93184,2304.56,yes
vectorized 32x8,1024,1024,1024,0.879616,2441.39,yes
vec-opt 64x64,1024,1024,1024,0.145408,14768.7,yes
tensorcore wmma16,1024,1024,1024,0.442336,4854.87,yes
naive 16x16,2048,2048,2048,6.64883,2583.89,yes
shared 32x8 tk32,2048,2048,2048,7.48237,2296.05,yes
vectorized 32x8,2048,2048,2048,6.93146,2478.54,yes
vec-opt 64x64,2048,2048,2048,1.03949,16527.2,yes
tensorcore wmma16,2048,2048,2048,3.21229,5348.17,yes
naive 16x16,4096,4096,4096,53.4622,2570.77,yes
shared 32x8 tk32,4096,4096,4096,56.7808,2420.52,yes
vectorized 32x8,4096,4096,4096,53.0668,2589.93,yes
vec-opt 64x64,4096,4096,4096,7.91347,17367.7,yes
tensorcore wmma16,4096,4096,4096,31.0456,4427,yes
naive 16x16,256,256,256,0.470016,71.39,yes
shared 32x8 tk32,256,256,256,0.57072,58.7932,yes
vectorized 32x8,256,256,256,0.402432,83.3791,yes
vec-opt 64x64,256,256,256,0.375776,89.2937,yes
tensorcore wmma16,256,256,256,0.65536,51.2,yes
naive 16x16,512,512,512,0.142336,1885.93,yes
shared 32x8 tk32,512,512,512,0.442368,606.815,yes
vectorized 32x8,512,512,512,0.2048,1310.72,yes
vec-opt 64x64,512,512,512,0.031744,8456.26,yes
tensorcore wmma16,512,512,512,0.114592,2342.53,yes
naive 16x16,1024,1024,1024,0.8048,2668.34,yes
shared 32x8 tk32,1024,1024,1024,1.1561,1857.53,yes
vectorized 32x8,1024,1024,1024,0.87552,2452.81,yes
vec-opt 64x64,1024,1024,1024,0.169984,12633.4,yes
tensorcore wmma16,1024,1024,1024,0.447488,4798.97,yes
naive 16x16,2048,2048,2048,6.46758,2656.3,yes
shared 32x8 tk32,2048,2048,2048,7.87843,2180.62,yes
vectorized 32x8,2048,2048,2048,6.96208,2467.63,yes
vec-opt 64x64,2048,2048,2048,1.04346,16464.4,yes
tensorcore wmma16,2048,2048,2048,3.75091,4580.18,yes
naive 16x16,4096,4096,4096,52.565,2614.65,yes
shared 32x8 tk32,4096,4096,4096,60.3679,2276.69,yes
vectorized 32x8,4096,4096,4096,51.0658,2691.41,yes
vec-opt 64x64,4096,4096,4096,7.76499,17699.8,yes
tensorcore wmma16,4096,4096,4096,32.128,4277.86,yes
naive 16x16,256,256,256,0.500736,67.0102,yes
shared 32x8 tk32,256,256,256,0.303104,110.703,yes
vectorized 32x8,256,256,256,0.320512,104.69,yes
vec-opt 64x64,256,256,256,0.282624,118.725,yes
tensorcore wmma16,256,256,256,0.495616,67.7025,yes
naive 16x16,512,512,512,0.151552,1771.24,yes
shared 32x8 tk32,512,512,512,0.137344,1954.48,yes
vectorized 32x8,512,512,512,0.182272,1472.72,yes
vec-opt 64x64,512,512,512,0.070848,3788.89,yes
tensorcore wmma16,512,512,512,0.237568,1129.93,yes
naive 16x16,1024,1024,1024,0.758784,2830.16,yes
shared 32x8 tk32,1024,1024,1024,0.877568,2447.09,yes
vectorized 32x8,1024,1024,1024,0.9728,2207.53,yes
vec-opt 64x64,1024,1024,1024,0.169984,12633.4,yes
tensorcore wmma16,1024,1024,1024,0.828416,2592.28,yes
naive 16x16,2048,2048,2048,5.87878,2922.35,yes
shared 32x8 tk32,2048,2048,2048,7.55213,2274.84,yes
vectorized 32x8,2048,2048,2048,6.53853,2627.48,yes
vec-opt 64x64,2048,2048,2048,0.98608,17422.4,yes
tensorcore wmma16,2048,2048,2048,3.71098,4629.47,yes
naive 16x16,4096,4096,4096,50.5557,2718.56,yes
shared 32x8 tk32,4096,4096,4096,57.172,2403.96,yes
vectorized 32x8,4096,4096,4096,52.8957,2598.3,yes
vec-opt 64x64,4096,4096,4096,7.74144,17753.7,yes
tensorcore wmma16,4096,4096,4096,31.0016,4433.29,yes
naive 16x16,256,256,256,0.075776,442.811,yes
shared 32x8 tk32,256,256,256,0.112224,298.995,yes
vectorized 32x8,256,256,256,0.12288,273.067,yes
vec-opt 64x64,256,256,256,0.108544,309.132,yes
tensorcore wmma16,256,256,256,0.126976,264.258,yes
naive 16x16,512,512,512,0.109664,2447.8,yes
shared 32x8 tk32,512,512,512,0.13312,2016.49,yes
vectorized 32x8,512,512,512,0.157696,1702.23,yes
vec-opt 64x64,512,512,512,0.044032,6096.37,yes
tensorcore wmma16,512,512,512,0.080896,3318.28,yes
naive 16x16,1024,1024,1024,0.799744,2685.21,yes
shared 32x8 tk32,1024,1024,1024,0.930816,2307.1,yes
vectorized 32x8,1024,1024,1024,0.869376,2470.14,yes
vec-opt 64x64,1024,1024,1024,0.152576,14074.8,yes
tensorcore wmma16,1024,1024,1024,0.452704,4743.68,yes
naive 16x16,2048,2048,2048,6.73075,2552.44,yes
shared 32x8 tk32,2048,2048,2048,7.70662,2229.23,yes
vectorized 32x8,2048,2048,2048,6.93248,2478.17,yes
vec-opt 64x64,2048,2048,2048,1.04134,16497.8,yes
tensorcore wmma16,2048,2048,2048,4.81792,3565.83,yes
naive 16x16,4096,4096,4096,52.2772,2629.04,yes
shared 32x8 tk32,4096,4096,4096,58.1325,2364.24,yes
vectorized 32x8,4096,4096,4096,51.3125,2678.47,yes
vec-opt 64x64,4096,4096,4096,7.4935,18341.1,yes
tensorcore wmma16,4096,4096,4096,30.2213,4547.75,yes
naive 16x16,256,256,256,0.141312,237.449,yes
shared 32x8 tk32,256,256,256,0.108544,309.132,yes
vectorized 32x8,256,256,256,0.069632,481.882,yes
vec-opt 64x64,256,256,256,0.120832,277.695,yes
tensorcore wmma16,256,256,256,0.160768,208.713,yes
naive 16x16,512,512,512,0.110592,2427.26,yes
shared 32x8 tk32,512,512,512,0.133792,2006.36,yes
vectorized 32x8,512,512,512,0.160768,1669.71,yes
vec-opt 64x64,512,512,512,0.03856,6961.5,yes
tensorcore wmma16,512,512,512,0.087776,3058.19,yes
naive 16x16,1024,1024,1024,0.804864,2668.13,yes
shared 32x8 tk32,1024,1024,1024,0.933984,2299.27,yes
vectorized 32x8,1024,1024,1024,0.874496,2455.68,yes
vec-opt 64x64,1024,1024,1024,0.152576,14074.8,yes
tensorcore wmma16,1024,1024,1024,0.451584,4755.45,yes
naive 16x16,2048,2048,2048,6.44608,2665.17,yes
shared 32x8 tk32,2048,2048,2048,7.69024,2233.98,yes
vectorized 32x8,2048,2048,2048,6.67034,2575.56,yes
vec-opt 64x64,2048,2048,2048,1.04346,16464.4,yes
tensorcore wmma16,2048,2048,2048,3.64646,4711.38,yes
naive 16x16,4096,4096,4096,50.7771,2706.71,yes
shared 32x8 tk32,4096,4096,4096,58.3997,2353.42,yes
vectorized 32x8,4096,4096,4096,52.7195,2606.98,yes
vec-opt 64x64,4096,4096,4096,7.95034,17287.2,yes
tensorcore wmma16,4096,4096,4096,30.5644,4496.71,yes
naive 16x16,256,256,256,0.414432,80.9649,yes
shared 32x8 tk32,256,256,256,648.713,0.0517246,yes
vectorized 32x8,256,256,256,0.435968,76.9654,yes
vec-opt 64x64,256,256,256,0.377856,88.8022,yes
tensorcore wmma16,256,256,256,0.343008,97.824,yes
naive 16x16,512,512,512,0.111616,2404.99,yes
shared 32x8 tk32,512,512,512,270.977,0.990621,yes
vectorized 32x8,512,512,512,0.193728,1385.63,yes
vec-opt 64x64,512,512,512,0.069792,3846.22,yes
tensorcore wmma16,512,512,512,0.115712,2319.86,yes
naive 16x16,1024,1024,1024,0.799744,2685.21,yes
shared 32x8 tk32,1024,1024,1024,713.617,3.00929,yes
vectorized 32x8,1024,1024,1024,0.856768,2506.49,yes
vec-opt 64x64,1024,1024,1024,0.15872,13530,yes
tensorcore wmma16,1024,1024,1024,0.45056,4766.25,yes
naive 16x16,2048,2048,2048,6.11315,2810.31,yes
shared 32x8 tk32,2048,2048,2048,4099.54,4.19068,yes
vectorized 32x8,2048,2048,2048,6.84339,2510.43,yes
vec-opt 64x64,2048,2048,2048,0.987136,17403.8,yes
tensorcore wmma16,2048,2048,2048,3.71507,4624.37,yes
naive 16x16,4096,4096,4096,49.9118,2753.64,yes
shared 32x8 tk32,4096,4096,4096,30816,4.45998,yes
vectorized 32x8,4096,4096,4096,50.1299,2741.66,yes
vec-opt 64x64,4096,4096,4096,7.54278,18221.2,yes
tensorcore wmma16,4096,4096,4096,30.0319,4576.44,yes
naive 16x16,256,256,256,0.452512,74.1515,yes
shared 32x8 tk32,256,256,256,0.256,131.072,yes
vectorized 32x8,256,256,256,0.278528,120.471,yes
vec-opt 64x64,256,256,256,0.347136,96.6608,yes
tensorcore wmma16,256,256,256,674.411,0.0497537,yes
naive 16x16,512,512,512,0.144992,1851.38,yes
shared 32x8 tk32,512,512,512,0.144384,1859.18,yes
vectorized 32x8,512,512,512,0.170816,1571.49,yes
vec-opt 64x64,512,512,512,0.051008,5262.61,yes
tensorcore wmma16,512,512,512,234.16,1.14638,yes
naive 16x16,1024,1024,1024,0.804896,2668.03,yes
shared 32x8 tk32,1024,1024,1024,0.9328,2302.19,yes
vectorized 32x8,1024,1024,1024,1.10694,1940.01,yes
vec-opt 64x64,1024,1024,1024,0.169984,12633.4,yes
tensorcore wmma16,1024,1024,1024,391.87,5.48009,yes
naive 16x16,2048,2048,2048,6.13376,2800.87,yes
shared 32x8 tk32,2048,2048,2048,7.27347,2361.99,yes
vectorized 32x8,2048,2048,2048,6.3416,2709.07,yes
vec-opt 64x64,2048,2048,2048,0.986112,17421.8,yes
tensorcore wmma16,2048,2048,2048,1301.4,13.201,yes
naive 16x16,4096,4096,4096,47.652,2884.22,yes
shared 32x8 tk32,4096,4096,4096,55.294,2485.61,yes
vectorized 32x8,4096,4096,4096,49.5606,2773.15,yes
vec-opt 64x64,4096,4096,4096,7.77626,17674.2,yes
tensorcore wmma16,4096,4096,4096,8232.13,16.6954,yes
naive 16x16,256,256,256,0.083968,399.61,yes
shared 32x8 tk32,256,256,256,0.104224,321.945,yes
vectorized 32x8,256,256,256,0.086016,390.095,yes
vec-opt 64x64,256,256,256,0.180224,186.182,yes
tensorcore wmma16,256,256,256,0.139264,240.941,yes
naive 16x16,512,512,512,0.110592,2427.26,yes
shared 32x8 tk32,512,512,512,0.134112,2001.58,yes
vectorized 32x8,512,512,512,0.160768,1669.71,yes
vec-opt 64x64,512,512,512,0.03776,7108.99,yes
tensorcore wmma16,512,512,512,0.080896,3318.28,yes
naive 16x16,1024,1024,1024,0.804864,2668.13,yes
shared 32x8 tk32,1024,1024,1024,0.93184,2304.56,yes
vectorized 32x8,1024,1024,1024,0.877504,2447.26,yes
vec-opt 64x64,1024,1024,1024,0.1536,13981,yes
tensorcore wmma16,1024,1024,1024,0.448512,4788.02,yes
naive 16x16,2048,2048,2048,6.22179,2761.24,yes
shared 32x8 tk32,2048,2048,2048,7.2119,2382.15,yes
vectorized 32x8,2048,2048,2048,6.89254,2492.53,yes
vec-opt 64x64,2048,2048,2048,1.03936,16529.3,yes
tensorcore wmma16,2048,2048,2048,3.86765,4441.94,yes
naive 16x16,4096,4096,4096,50.774,2706.88,yes
shared 32x8 tk32,4096,4096,4096,56.5268,2431.39,yes
vectorized 32x8,4096,4096,4096,49.921,2753.13,yes
vec-opt 64x64,4096,4096,4096,7.49978,18325.7,yes
tensorcore wmma16,4096,4096,4096,29.403,4674.32,yes
naive 16x16,256,256,256,0.529408,63.381,yes
shared 32x8 tk32,256,256,256,654.896,0.0512363,yes
vectorized 32x8,256,256,256,0.352256,95.2558,yes
vec-opt 64x64,256,256,256,0.375808,89.2861,yes
tensorcore wmma16,256,256,256,0.33472,100.246,yes
naive 16x16,512,512,512,0.142336,1885.93,yes
shared 32x8 tk32,512,512,512,287.818,0.932658,yes
vectorized 32x8,512,512,512,0.193536,1387.01,yes
vec-opt 64x64,512,512,512,0.067584,3971.88,yes
tensorcore wmma16,512,512,512,0.106496,2520.62,yes
naive 16x16,1024,1024,1024,1.03117,2082.57,yes
shared 32x8 tk32,1024,1024,1024,686.596,3.12772,yes
vectorized 32x8,1024,1024,1024,0.856064,2508.55,yes
vec-opt 64x64,1024,1024,1024,0.144384,14873.4,yes
tensorcore wmma16,1024,1024,1024,0.436256,4922.53,yes
naive 16x16,2048,2048,2048,6.08768,2822.07,yes
shared 32x8 tk32,2048,2048,2048,4086.45,4.2041,yes
vectorized 32x8,2048,2048,2048,6.07232,2829.21,yes
vec-opt 64x64,2048,2048,2048,0.982016,17494.5,yes
tensorcore wmma16,2048,2048,2048,4.14413,4145.59,yes
naive 16x16,4096,4096,4096,49.3066,2787.43,yes
shared 32x8 tk32,4096,4096,4096,30724.1,4.47333,yes
vectorized 32x8,4096,4096,4096,50.1596,2740.03,yes
vec-opt 64x64,4096,4096,4096,7.5008,18323.2,yes
tensorcore wmma16,4096,4096,4096,30.2868,4537.91,yes
naive 16x16,256,256,256,0.520192,64.5039,yes
shared 32x8 tk32,256,256,256,0.376512,89.1192,yes
vectorized 32x8,256,256,256,0.340992,98.4024,yes
vec-opt 64x64,256,256,256,0.38912,86.2316,yes
tensorcore wmma16,256,256,256,665.156,0.050446,yes
naive 16x16,512,512,512,0.155296,1728.54,yes
shared 32x8 tk32,512,512,512,0.161792,1659.14,yes
vectorized 32x8,512,512,512,0.186368,1440.35,yes
vec-opt 64x64,512,512,512,0.055296,4854.52,yes
tensorcore wmma16,512,512,512,251.616,1.06684,yes
naive 16x16,1024,1024,1024,0.837312,2564.74,yes
shared 32x8 tk32,1024,1024,1024,0.966752,2221.34,yes
vectorized 32x8,1024,1024,1024,0.899072,2388.56,yes
vec-opt 64x64,1024,1024,1024,0.152576,14074.8,yes
tensorcore wmma16,1024,1024,1024,339.844,6.31903,yes
naive 16x16,2048,2048,2048,6.31802,2719.19,yes
shared 32x8 tk32,2048,2048,2048,7.04614,2438.19,yes
vectorized 32x8,2048,2048,2048,6.29955,2727.16,yes
vec-opt 64x64,2048,2048,2048,0.981248,17508.2,yes
tensorcore wmma16,2048,2048,2048,1214.32,14.1477,yes
naive 16x16,4096,4096,4096,48.682,2823.2,yes
shared 32x8 tk32,4096,4096,4096,55.0461,2496.8,yes
vectorized 32x8,4096,4096,4096,50.0104,2748.21,yes
vec-opt 64x64,4096,4096,4096,7.53152,18248.5,yes
tensorcore wmma16,4096,4096,4096,8101.88,16.9638,yes
naive 16x16,256,256,256,0.083968,399.61,yes
shared 32x8 tk32,256,256,256,0.127808,262.538,yes
vectorized 32x8,256,256,256,0.131872,254.447,yes
vec-opt 64x64,256,256,256,0.118784,282.483,yes
tensorcore wmma16,256,256,256,0.087232,384.657,yes
naive 16x16,512,512,512,0.11776,2279.51,yes
shared 32x8 tk32,512,512,512,0.131072,2048,yes
vectorized 32x8,512,512,512,0.152576,1759.36,yes
vec-opt 64x64,512,512,512,0.031744,8456.26,yes
tensorcore wmma16,512,512,512,0.018432,14563.6,yes
naive 16x16,1024,1024,1024,0.805888,2664.74,yes
shared 32x8 tk32,1024,1024,1024,1.20525,1781.78,yes
vectorized 32x8,1024,1024,1024,0.878592,2444.23,yes
vec-opt 64x64,1024,1024,1024,0.145472,14762.2,yes
tensorcore wmma16,1024,1024,1024,0.136192,15768.1,yes
naive 16x16,2048,2048,2048,6.46861,2655.88,yes
shared 32x8 tk32,2048,2048,2048,7.70867,2228.64,yes
vectorized 32x8,2048,2048,2048,6.73178,2552.06,yes
vec-opt 64x64,2048,2048,2048,1.26976,13530,yes
tensorcore wmma16,2048,2048,2048,1.17248,14652.6,yes
naive 16x16,4096,4096,4096,50.8723,2701.65,yes
shared 32x8 tk32,4096,4096,4096,58.75,2339.39,yes
vectorized 32x8,4096,4096,4096,52.9039,2597.9,yes
vec-opt 64x64,4096,4096,4096,8.20019,16760.5,yes
tensorcore wmma16,4096,4096,4096,10.8739,12639.4,yes
naive 16x16,256,256,256,0.44032,76.2047,yes
shared 32x8 tk32,256,256,256,660.031,0.0508376,yes
vectorized 32x8,256,256,256,0.400224,83.8391,yes
vec-opt 64x64,256,256,256,0.309248,108.503,yes
tensorcore wmma16,256,256,256,0.289888,115.75,yes
naive 16x16,512,512,512,0.130048,2064.13,yes
shared 32x8 tk32,512,512,512,275.641,0.973858,yes
vectorized 32x8,512,512,512,0.1536,1747.63,yes
vec-opt 64x64,512,512,512,0.068448,3921.74,yes
tensorcore wmma16,512,512,512,0.054272,4946.11,yes
naive 16x16,1024,1024,1024,0.802816,2674.94,yes
shared 32x8 tk32,1024,1024,1024,698.066,3.07633,yes
vectorized 32x8,1024,1024,1024,0.859136,2499.59,yes
vec-opt 64x64,1024,1024,1024,0.156672,13706.9,yes
tensorcore wmma16,1024,1024,1024,0.13824,15534.5,yes
naive 16x16,2048,2048,2048,6.06947,2830.54,yes
shared 32x8 tk32,2048,2048,2048,4075.85,4.21503,yes
vectorized 32x8,2048,2048,2048,6.6007,2602.73,yes
vec-opt 64x64,2048,2048,2048,0.98304,17476.3,yes
tensorcore wmma16,2048,2048,2048,1.09158,15738.5,yes
naive 16x16,4096,4096,4096,48.6554,2824.74,yes
shared 32x8 tk32,4096,4096,4096,31072.8,4.42313,yes
vectorized 32x8,4096,4096,4096,50.0163,2747.89,yes
vec-opt 64x64,4096,4096,4096,7.72403,17793.7,yes
tensorcore wmma16,4096,4096,4096,10.7971,12729.3,yes
naive 16x16,256,256,256,0.43072,77.9031,yes
shared 32x8 tk32,256,256,256,0.308224,108.864,yes
vectorized 32x8,256,256,256,0.333824,100.515,yes
vec-opt 64x64,256,256,256,0.324608,103.369,yes
tensorcore wmma16,256,256,256,628.837,0.0533595,yes
naive 16x16,512,512,512,0.111616,2404.99,yes
shared 32x8 tk32,512,512,512,0.149344,1797.43,yes
vectorized 32x8,512,512,512,0.173056,1551.15,yes
vec-opt 64x64,512,512,512,0.054176,4954.88,yes
tensorcore wmma16,512,512,512,216.905,1.23757,yes
naive 16x16,1024,1024,1024,0.825344,2601.93,yes
shared 32x8 tk32,1024,1024,1024,0.946176,2269.65,yes
vectorized 32x8,1024,1024,1024,1.12218,1913.68,yes
vec-opt 64x64,1024,1024,1024,0.150528,14266.3,yes
tensorcore wmma16,1024,1024,1024,212.771,10.0929,yes
naive 16x16,2048,2048,2048,6.53226,2630.01,yes
shared 32x8 tk32,2048,2048,2048,7.71174,2227.75,yes
vectorized 32x8,2048,2048,2048,6.7072,2561.41,yes
vec-opt 64x64,2048,2048,2048,1.03834,16545.6,yes
tensorcore wmma16,2048,2048,2048,394.857,43.509,yes
naive 16x16,4096,4096,4096,48.341,2843.11,yes
shared 32x8 tk32,4096,4096,4096,56.8966,2415.59,yes
vectorized 32x8,4096,4096,4096,49.1438,2796.67,yes
vec-opt 64x64,4096,4096,4096,7.52742,18258.4,yes
tensorcore wmma16,4096,4096,4096,1594.68,86.1858,yes
naive 16x16,256,256,256,0.099328,337.814,yes
shared 32x8 tk32,256,256,256,0.118752,282.559,yes
vectorized 32x8,256,256,256,0.160768,208.713,yes
vec-opt 64x64,256,256,256,0.125024,268.384,yes
tensorcore wmma16,256,256,256,0.089088,376.644,yes
naive 16x16,512,512,512,0.11776,2279.51,yes
shared 32x8 tk32,512,512,512,0.134144,2001.1,yes
vectorized 32x8,512,512,512,0.159744,1680.41,yes
vec-opt 64x64,512,512,512,0.039936,6721.64,yes
tensorcore wmma16,512,512,512,0.017184,15621.2,yes
naive 16x16,1024,1024,1024,1.05062,2044.01,yes
shared 32x8 tk32,1024,1024,1024,0.931648,2305.04,yes
vectorized 32x8,1024,1024,1024,1.12742,1904.77,yes
vec-opt 64x64,1024,1024,1024,0.152736,14060.1,yes
tensorcore wmma16,1024,1024,1024,0.128064,16768.8,yes
naive 16x16,2048,2048,2048,6.47373,2653.78,yes
shared 32x8 tk32,2048,2048,2048,7.49158,2293.22,yes
vectorized 32x8,2048,2048,2048,6.71334,2559.06,yes
vec-opt 64x64,2048,2048,2048,1.04141,16496.8,yes
tensorcore wmma16,2048,2048,2048,1.17248,14652.6,yes
naive 16x16,4096,4096,4096,50.5405,2719.38,yes
shared 32x8 tk32,4096,4096,4096,56.0517,2452,yes
vectorized 32x8,4096,4096,4096,49.7213,2764.18,yes
vec-opt 64x64,4096,4096,4096,7.49773,18330.7,yes
tensorcore wmma16,4096,4096,4096,10.838,12681.2,yes
naive 16x16,256,256,256,0.145408,230.761,yes
shared 32x8 tk32,256,256,256,0.11264,297.891,yes
vectorized 32x8,256,256,256,0.596992,56.2058,yes
vec-opt 64x64,256,256,256,0.068608,489.075,yes
tensorcore wmma16,256,256,256,0.093184,360.088,yes
naive 16x16,512,512,512,0.12288,2184.53,yes
shared 32x8 tk32,512,512,512,0.13408,2002.05,yes
vectorized 32x8,512,512,512,0.156416,1716.16,yes
vec-opt 64x64,512,512,512,0.03584,7489.83,yes
tensorcore wmma16,512,512,512,0.018432,14563.6,yes
naive 16x16,1024,1024,1024,0.80384,2671.53,yes
shared 32x8 tk32,1024,1024,1024,0.93184,2304.56,yes
vectorized 32x8,1024,1024,1024,1.16531,1842.84,yes
vec-opt 64x64,1024,1024,1024,0.15264,14068.9,yes
tensorcore wmma16,1024,1024,1024,0.134144,16008.8,yes
naive 16x16,2048,2048,2048,6.9591,2468.69,yes
shared 32x8 tk32,2048,2048,2048,9.24445,1858.4,yes
vectorized 32x8,2048,2048,2048,6.6816,2571.22,yes
vec-opt 64x64,2048,2048,2048,1.03834,16545.6,yes
tensorcore wmma16,2048,2048,2048,1.16925,14693.1,yes
naive 16x16,4096,4096,4096,59.3377,2316.22,yes
shared 32x8 tk32,4096,4096,4096,67.4807,2036.71,yes
vectorized 32x8,4096,4096,4096,59.1401,2323.96,yes
vec-opt 64x64,4096,4096,4096,9.13715,15041.8,yes
tensorcore wmma16,4096,4096,4096,12.5143,10982.5,yes
naive 16x16,256,256,256,0.141312,237.449,yes
shared 32x8 tk32,256,256,256,0.111616,300.624,yes
vectorized 32x8,256,256,256,0.136192,246.376,yes
vec-opt 64x64,256,256,256,0.15872,211.406,yes
tensorcore wmma16,256,256,256,0.096224,348.712,yes
naive 16x16,512,512,512,0.110592,2427.26,yes
shared 32x8 tk32,512,512,512,0.132096,2032.12,yes
vectorized 32x8,512,512,512,0.15872,1691.25,yes
vec-opt 64x64,512,512,512,0.038912,6898.53,yes
tensorcore wmma16,512,512,512,0.021504,12483,yes
naive 16x16,1024,1024,1024,0.804864,2668.13,yes
shared 32x8 tk32,1024,1024,1024,0.93184,2304.56,yes
vectorized 32x8,1024,1024,1024,1.14586,1874.13,yes
vec-opt 64x64,1024,1024,1024,0.145408,14768.7,yes
tensorcore wmma16,1024,1024,1024,0.132032,16264.9,yes
naive 16x16,2048,2048,2048,7.552,2274.88,yes
shared 32x8 tk32,2048,2048,2048,9.21702,1863.93,yes
vectorized 32x8,2048,2048,2048,7.99949,2147.62,yes
vec-opt 64x64,2048,2048,2048,1.04125,16499.3,yes
tensorcore wmma16,2048,2048,2048,1.16326,14768.7,yes
naive 16x16,4096,4096,4096,59.8753,2295.42,yes
shared 32x8 tk32,4096,4096,4096,68.61,2003.19,yes
vectorized 32x8,4096,4096,4096,60.8922,2257.09,yes
vec-opt 64x64,4096,4096,4096,9.05216,15183,yes
tensorcore wmma16,4096,4096,4096,13.6499,10068.8,yes
naive 16x16,256,256,256,0.258048,130.032,yes
shared 32x8 tk32,256,256,256,0.231456,144.971,yes
vectorized 32x8,256,256,256,0.212992,157.538,yes
vec-opt 64x64,256,256,256,0.192448,174.356,yes
tensorcore wmma16,256,256,256,0.159744,210.051,yes
naive 16x16,512,512,512,0.11744,2285.72,yes
shared 32x8 tk32,512,512,512,0.155648,1724.63,yes
vectorized 32x8,512,512,512,0.1576,1703.27,yes
vec-opt 64x64,512,512,512,0.064512,4161.02,yes
tensorcore wmma16,512,512,512,0.028672,9362.29,yes
naive 16x16,1024,1024,1024,0.797696,2692.11,yes
shared 32x8 tk32,1024,1024,1024,1.20547,1781.45,yes
vectorized 32x8,1024,1024,1024,0.87952,2441.65,yes
vec-opt 64x64,1024,1024,1024,0.152352,14095.5,yes
tensorcore wmma16,1024,1024,1024,0.13824,15534.5,yes
naive 16x16,2048,2048,2048,6.48499,2649.17,yes
shared 32x8 tk32,2048,2048,2048,7.70662,2229.23,yes
vectorized 32x8,2048,2048,2048,6.90278,2488.83,yes
vec-opt 64x64,2048,2048,2048,1.04038,16513,yes
tensorcore wmma16,2048,2048,2048,1.1815,14540.7,yes
naive 16x16,4096,4096,4096,49.9814,2749.8,yes
shared 32x8 tk32,4096,4096,4096,58.3188,2356.68,yes
vectorized 32x8,4096,4096,4096,52.4626,2619.75,yes
vec-opt 64x64,4096,4096,4096,7.90819,17379.3,yes
tensorcore wmma16,4096,4096,4096,11.1311,12347.3,yes
naive 16x16,256,256,256,0.147392,227.654,yes
shared 32x8 tk32,256,256,256,0.114496,293.062,yes
vectorized 32x8,256,256,256,0.161696,207.516,yes
vec-opt 64x64,256,256,256,0.123904,270.81,yes
tensorcore wmma16,256,256,256,0.098272,341.444,yes
naive 16x16,512,512,512,0.113824,2358.34,yes
shared 32x8 tk32,512,512,512,0.130048,2064.13,yes
vectorized 32x8,512,512,512,0.15872,1691.25,yes
vec-opt 64x64,512,512,512,0.032768,8192,yes
tensorcore wmma16,512,512,512,0.029568,9078.58,yes
naive 16x16,1024,1024,1024,0.797696,2692.11,yes
shared 32x8 tk32,1024,1024,1024,0.93184,2304.56,yes
vectorized 32x8,1024,1024,1024,0.868352,2473.06,yes
vec-opt 64x64,1024,1024,1024,0.155648,13797.1,yes
tensorcore wmma16,1024,1024,1024,0.132096,16257,yes
naive 16x16,2048,2048,2048,6.47376,2653.77,yes
shared 32x8 tk32,2048,2048,2048,7.69843,2231.61,yes
vectorized 32x8,2048,2048,2048,6.92941,2479.27,yes
vec-opt 64x64,2048,2048,2048,1.04051,16511,yes
tensorcore wmma16,2048,2048,2048,1.18157,14539.9,yes
naive 16x16,4096,4096,4096,50.8129,2704.8,yes
shared 32x8 tk32,4096,4096,4096,56.3374,2439.57,yes
vectorized 32x8,4096,4096,4096,50.5108,2720.98,yes
vec-opt 64x64,4096,4096,4096,7.79264,17637,yes
tensorcore wmma16,4096,4096,4096,10.1192,13582,yes
naive 16x16,256,256,256,0.131712,254.756,yes
shared 32x8 tk32,256,256,256,0.111616,300.624,yes
vectorized 32x8,256,256,256,0.170592,196.694,yes
vec-opt 64x64,256,256,256,0.07168,468.114,yes
tensorcore wmma16,256,256,256,0.0512,655.36,yes
naive 16x16,512,512,512,0.110592,2427.26,yes
shared 32x8 tk32,512,512,512,0.130048,2064.13,yes
vectorized 32x8,512,512,512,0.151584,1770.87,yes
vec-opt 64x64,512,512,512,0.031744,8456.26,yes
tensorcore wmma16,512,512,512,0.019456,13797.1,yes
naive 16x16,1024,1024,1024,0.804864,2668.13,yes
shared 32x8 tk32,1024,1024,1024,0.924672,2322.43,yes
vectorized 32x8,1024,1024,1024,0.876544,2449.94,yes
vec-opt 64x64,1024,1024,1024,0.1536,13981,yes
tensorcore wmma16,1024,1024,1024,0.13904,15445.1,yes
naive 16x16,2048,2048,2048,6.2464,2750.36,yes
shared 32x8 tk32,2048,2048,2048,7.72096,2225.09,yes
vectorized 32x8,2048,2048,2048,6.91098,2485.88,yes
vec-opt 64x64,2048,2048,2048,1.03526,16594.7,yes
tensorcore wmma16,2048,2048,2048,1.19091,14425.8,yes
naive 16x16,4096,4096,4096,59.8794,2295.26,yes
shared 32x8 tk32,4096,4096,4096,66.2784,2073.66,yes
vectorized 32x8,4096,4096,4096,61.7504,2225.72,yes
vec-opt 64x64,4096,4096,4096,7.77318,17681.2,yes
tensorcore wmma16,4096,4096,4096,12.5829,10922.7,yes
naive 16x16,256,256,256,0.575488,58.3061,yes
shared 32x8 tk32,256,256,256,0.049152,682.667,yes
vectorized 32x8,256,256,256,0.176128,190.512,yes
vec-opt 64x64,256,256,256,0.132096,254.016,yes
tensorcore wmma16,256,256,256,0.104448,321.255,yes
naive 16x16,512,512,512,0.111616,2404.99,yes
shared 32x8 tk32,512,512,512,0.131072,2048,yes
vectorized 32x8,512,512,512,0.1536,1747.63,yes
vec-opt 64x64,512,512,512,0.039936,6721.64,yes
tensorcore wmma16,512,512,512,0.017408,15420.2,yes
naive 16x16,1024,1024,1024,0.805888,2664.74,yes
shared 32x8 tk32,1024,1024,1024,2.1545,996.745,yes
vectorized 32x8,1024,1024,1024,0.884896,2426.82,yes
vec-opt 64x64,1024,1024,1024,0.151552,14169.9,yes
tensorcore wmma16,1024,1024,1024,0.131072,16384,yes
naive 16x16,2048,2048,2048,6.48192,2650.43,yes
shared 32x8 tk32,2048,2048,2048,9.07059,1894.02,yes
vectorized 32x8,2048,2048,2048,6.91302,2485.15,yes
vec-opt 64x64,2048,2048,2048,1.04038,16513,yes
tensorcore wmma16,2048,2048,2048,1.1776,14588.9,yes
naive 16x16,4096,4096,4096,60.1989,2283.08,yes
shared 32x8 tk32,4096,4096,4096,58.3342,2356.06,yes
vectorized 32x8,4096,4096,4096,52.4933,2618.22,yes
vec-opt 64x64,4096,4096,4096,7.49568,18335.8,yes
tensorcore wmma16,4096,4096,4096,10.8452,12672.8,yes
naive 16x16,256,256,256,0.080896,414.785,yes
shared 32x8 tk32,256,256,256,0.16064,208.88,yes
vectorized 32x8,256,256,256,0.175104,191.626,yes
vec-opt 64x64,256,256,256,0.561152,59.7956,yes
tensorcore wmma16,256,256,256,0.07184,467.072,yes
naive 16x16,512,512,512,0.111616,2404.99,yes
shared 32x8 tk32,512,512,512,0.131072,2048,yes
vectorized 32x8,512,512,512,0.15968,1681.08,yes
vec-opt 64x64,512,512,512,0.03872,6932.73,yes
tensorcore wmma16,512,512,512,0.023552,11397.6,yes
naive 16x16,1024,1024,1024,0.807936,2657.99,yes
shared 32x8 tk32,1024,1024,1024,0.93184,2304.56,yes
vectorized 32x8,1024,1024,1024,1.14195,1880.54,yes
vec-opt 64x64,1024,1024,1024,0.145248,14784.9,yes
tensorcore wmma16,1024,1024,1024,0.129248,16615.2,yes
naive 16x16,2048,2048,2048,6.48499,2649.17,yes
shared 32x8 tk32,2048,2048,2048,7.95853,2158.67,yes
vectorized 32x8,2048,2048,2048,6.90586,2487.72,yes
vec-opt 64x64,2048,2048,2048,1.04346,16464.4,yes
tensorcore wmma16,2048,2048,2048,1.46022,11765.2,yes
naive 16x16,4096,4096,4096,59.9275,2293.42,yes
shared 32x8 tk32,4096,4096,4096,68.0591,2019.4,yes
vectorized 32x8,4096,4096,4096,61.0888,2249.82,yes
vec-opt 64x64,4096,4096,4096,8.35072,16458.3,yes
tensorcore wmma16,4096,4096,4096,11.9388,11511.9,yes
naive 16x16,256,256,256,0.295936,113.384,yes
shared 32x8 tk32,256,256,256,0.20992,159.844,yes
vectorized 32x8,256,256,256,0.260096,129.008,yes
vec-opt 64x64,256,256,256,0.210944,159.068,yes
tensorcore wmma16,256,256,256,0.200704,167.184,yes
naive 16x16,512,512,512,0.113664,2361.66,yes
shared 32x8 tk32,512,512,512,0.124928,2148.72,yes
vectorized 32x8,512,512,512,0.224256,1197,yes
vec-opt 64x64,512,512,512,0.04176,6428.05,yes
tensorcore wmma16,512,512,512,0.01728,15534.5,yes
naive 16x16,1024,1024,1024,1.01888,2107.69,yes
shared 32x8 tk32,1024,1024,1024,2.91738,736.101,yes
vectorized 32x8,1024,1024,1024,3.59014,598.161,yes
vec-opt 64x64,1024,1024,1024,0.142336,15087.4,yes
tensorcore wmma16,1024,1024,1024,0.121856,17623.1,yes
naive 16x16,2048,2048,2048,24.0159,715.355,yes
shared 32x8 tk32,2048,2048,2048,30.3309,566.415,yes
vectorized 32x8,2048,2048,2048,47.3324,362.963,yes
vec-opt 64x64,2048,2048,2048,3.03104,5667.98,yes
tensorcore wmma16,2048,2048,2048,3.13446,5480.96,yes
naive 16x16,4096,4096,4096,215.258,638.484,yes
shared 32x8 tk32,4096,4096,4096,108.465,1267.13,yes
vectorized 32x8,4096,4096,4096,49.877,2755.56,yes
vec-opt 64x64,4096,4096,4096,7.54176,18223.7,yes
tensorcore wmma16,4096,4096,4096,10.3895,13228.6,yes
naive 16x16,256,256,256,0.614144,54.6361,yes
shared 32x8 tk32,256,256,256,1158.7,0.0289588,yes
vectorized 32x8,256,256,256,0.44944,74.6583,yes
vec-opt 64x64,256,256,256,0.369664,90.7701,yes
tensorcore wmma16,256,256,256,0.316416,106.045,yes
naive 16x16,512,512,512,0.105472,2545.09,yes
shared 32x8 tk32,512,512,512,353.587,0.759178,yes
vectorized 32x8,512,512,512,0.201728,1330.68,yes
vec-opt 64x64,512,512,512,0.058368,4599.02,yes
tensorcore wmma16,512,512,512,0.037888,7084.97,yes
naive 16x16,1024,1024,1024,0.75264,2853.27,yes
shared 32x8 tk32,1024,1024,1024,774.984,2.771,yes
vectorized 32x8,1024,1024,1024,0.86832,2473.15,yes
vec-opt 64x64,1024,1024,1024,0.161792,13273.1,yes
tensorcore wmma16,1024,1024,1024,0.147456,14563.6,yes
naive 16x16,2048,2048,2048,5.9177,2903.13,yes
shared 32x8 tk32,2048,2048,2048,9454.06,1.81719,yes
vectorized 32x8,2048,2048,2048,88.7398,193.598,yes
vec-opt 64x64,2048,2048,2048,7.10349,2418.51,yes
tensorcore wmma16,2048,2048,2048,1.62714,10558.3,yes
naive 16x16,4096,4096,4096,436.521,314.851,yes
shared 32x8 tk32,4096,4096,4096,135165,1.01682,yes
vectorized 32x8,4096,4096,4096,115.939,1185.44,yes
vec-opt 64x64,4096,4096,4096,18.3101,7506.16,yes
tensorcore wmma16,4096,4096,4096,61.6776,2228.35,yes
naive 16x16,256,256,256,8.58522,3.9084,yes
shared 32x8 tk32,256,256,256,8.5289,3.93421,yes
vectorized 32x8,256,256,256,8.94157,3.75263,yes
vec-opt 64x64,256,256,256,8.57498,3.91306,yes
tensorcore wmma16,256,256,256,1242.2,0.0270122,yes
naive 16x16,512,512,512,0.110752,2423.75,yes
shared 32x8 tk32,512,512,512,0.128,2097.15,yes
vectorized 32x8,512,512,512,0.218112,1230.72,yes
vec-opt 64x64,512,512,512,0.04096,6553.6,yes
tensorcore wmma16,512,512,512,1074.09,0.249918,yes
naive 16x16,1024,1024,1024,1.20832,1777.25,yes
shared 32x8 tk32,1024,1024,1024,1.40902,1524.09,yes
vectorized 32x8,1024,1024,1024,1.49094,1440.35,yes
vec-opt 64x64,1024,1024,1024,0.145408,14768.7,yes
tensorcore wmma16,1024,1024,1024,762.867,2.81502,yes
naive 16x16,2048,2048,2048,33.5575,511.953,yes
shared 32x8 tk32,2048,2048,2048,43.2466,397.254,yes
vectorized 32x8,2048,2048,2048,66.3071,259.096,yes
vec-opt 64x64,2048,2048,2048,1.51757,11320.7,yes
tensorcore wmma16,2048,2048,2048,1814.07,9.47037,yes
naive 16x16,4096,4096,4096,355.211,386.922,yes
shared 32x8 tk32,4096,4096,4096,360.663,381.073,yes
vectorized 32x8,4096,4096,4096,573.422,239.682,yes
vec-opt 64x64,4096,4096,4096,48.7557,2818.93,yes
tensorcore wmma16,4096,4096,4096,10129.1,13.5688,yes
naive 16x16,256,256,256,0.195488,171.644,yes
shared 32x8 tk32,256,256,256,0.130048,258.016,yes
vectorized 32x8,256,256,256,0.147456,227.556,yes
vec-opt 64x64,256,256,256,0.072704,461.521,yes
tensorcore wmma16,256,256,256,0.173056,193.893,yes
naive 16x16,512,512,512,0.110592,2427.26,yes
shared 32x8 tk32,512,512,512,0.125952,2131.25,yes
vectorized 32x8,512,512,512,0.157728,1701.89,yes
vec-opt 64x64,512,512,512,0.031744,8456.26,yes
tensorcore wmma16,512,512,512,0.028672,9362.29,yes
naive 16x16,1024,1024,1024,1.17248,1831.57,yes
shared 32x8 tk32,1024,1024,1024,0.923648,2325,yes
vectorized 32x8,1024,1024,1024,1.09872,1954.53,yes
vec-opt 64x64,1024,1024,1024,0.160768,13357.7,yes
tensorcore wmma16,1024,1024,1024,0.13216,16249.1,yes
naive 16x16,2048,2048,2048,6.69498,2566.08,yes
shared 32x8 tk32,2048,2048,2048,8.7767,1957.44,yes
vectorized 32x8,2048,2048,2048,7.92371,2168.16,yes
vec-opt 64x64,2048,2048,2048,1.03936,16529.3,yes
tensorcore wmma16,2048,2048,2048,1.16634,14729.8,yes
naive 16x16,4096,4096,4096,52.2291,2631.46,yes
shared 32x8 tk32,4096,4096,4096,64.9728,2115.33,yes
vectorized 32x8,4096,4096,4096,56.9928,2411.52,yes
vec-opt 64x64,4096,4096,4096,8.89242,15455.7,yes
tensorcore wmma16,4096,4096,4096,10.8964,12613.3,yes
naive 16x16,256,256,256,0.55152,60.8399,yes
shared 32x8 tk32,256,256,256,785.467,0.0427191,yes
vectorized 32x8,256,256,256,0.388096,86.4591,yes
vec-opt 64x64,256,256,256,0.311296,107.789,yes
tensorcore wmma16,256,256,256,0.274432,122.269,yes
naive 16x16,512,512,512,0.111616,2404.99,yes
shared 32x8 tk32,512,512,512,345.782,0.776314,yes
vectorized 32x8,512,512,512,0.193536,1387.01,yes
vec-opt 64x64,512,512,512,0.052448,5118.13,yes
tensorcore wmma16,512,512,512,0.047104,5698.78,yes
naive 16x16,1024,1024,1024,0.95744,2242.94,yes
shared 32x8 tk32,1024,1024,1024,818.045,2.62514,yes
vectorized 32x8,1024,1024,1024,0.826368,2598.7,yes
vec-opt 64x64,1024,1024,1024,0.161792,13273.1,yes
tensorcore wmma16,1024,1024,1024,0.146432,14665.4,yes
naive 16x16,2048,2048,2048,7.0648,2431.76,yes
shared 32x8 tk32,2048,2048,2048,4285.63,4.00871,yes
vectorized 32x8,2048,2048,2048,6.67955,2572.01,yes
vec-opt 64x64,2048,2048,2048,0.986112,17421.8,yes
tensorcore wmma16,2048,2048,2048,1.13254,15169.3,yes
naive 16x16,4096,4096,4096,50.5917,2716.63,yes
shared 32x8 tk32,4096,4096,4096,32057.1,4.28732,yes
vectorized 32x8,4096,4096,4096,50.257,2734.72,yes
vec-opt 64x64,4096,4096,4096,7.58374,18122.8,yes
tensorcore wmma16,4096,4096,4096,10.2359,13427.1,yes
naive 16x16,256,256,256,0.579584,57.894,yes
shared 32x8 tk32,256,256,256,0.398336,84.2365,yes
vectorized 32x8,256,256,256,0.511264,65.6303,yes
vec-opt 64x64,256,256,256,0.427008,78.5803,yes
tensorcore wmma16,256,256,256,945.877,0.0354744,yes
naive 16x16,512,512,512,0.152576,1759.36,yes
shared 32x8 tk32,512,512,512,0.152576,1759.36,yes
vectorized 32x8,512,512,512,0.183296,1464.49,yes
vec-opt 64x64,512,512,512,0.064512,4161.02,yes
tensorcore wmma16,512,512,512,278.959,0.962275,yes
naive 16x16,1024,1024,1024,0.80384,2671.53,yes
shared 32x8 tk32,1024,1024,1024,0.955392,2247.75,yes
vectorized 32x8,1024,1024,1024,0.882688,2432.89,yes
vec-opt 64x64,1024,1024,1024,0.166912,12866,yes
tensorcore wmma16,1024,1024,1024,289.85,7.40894,yes
naive 16x16,2048,2048,2048,6.21056,2766.24,yes
shared 32x8 tk32,2048,2048,2048,8.29542,2071.01,yes
vectorized 32x8,2048,2048,2048,6.45222,2662.63,yes
vec-opt 64x64,2048,2048,2048,1.05882,16225.5,yes
tensorcore wmma16,2048,2048,2048,451.396,38.0595,yes
naive 16x16,4096,4096,4096,50.0029,2748.62,yes
shared 32x8 tk32,4096,4096,4096,58.5994,2345.4,yes
vectorized 32x8,4096,4096,4096,51.9004,2648.13,yes
vec-opt 64x64,4096,4096,4096,7.54688,18211.4,yes
tensorcore wmma16,4096,4096,4096,1760.06,78.0876,yes
naive 16x16,256,256,256,0.175104,191.626,yes
shared 32x8 tk32,256,256,256,0.149504,224.438,yes
vectorized 32x8,256,256,256,0.162816,206.088,yes
vec-opt 64x64,256,256,256,0.1536,218.453,yes
tensorcore wmma16,256,256,256,0.04096,819.2,yes
naive 16x16,512,512,512,0.124928,2148.72,yes
shared 32x8 tk32,512,512,512,0.154624,1736.05,yes
vectorized 32x8,512,512,512,0.154624,1736.05,yes
vec-opt 64x64,512,512,512,0.038912,6898.53,yes
tensorcore wmma16,512,512,512,0.028672,9362.29,yes
naive 16x16,1024,1024,1024,0.805888,2664.74,yes
shared 32x8 tk32,1024,1024,1024,0.924768,2322.19,yes
vectorized 32x8,1024,1024,1024,0.872448,2461.45,yes
vec-opt 64x64,1024,1024,1024,0.151552,14169.9,yes
tensorcore wmma16,1024,1024,1024,0.124928,17189.8,yes
naive 16x16,2048,2048,2048,6.46963,2655.46,yes
shared 32x8 tk32,2048,2048,2048,10.1151,1698.44,yes
vectorized 32x8,2048,2048,2048,6.69286,2566.89,yes
vec-opt 64x64,2048,2048,2048,1.03936,16529.3,yes
tensorcore wmma16,2048,2048,2048,1.17043,14678.2,yes
naive 16x16,4096,4096,4096,50.8232,2704.26,yes
shared 32x8 tk32,4096,4096,4096,61.9489,2218.58,yes
vectorized 32x8,4096,4096,4096,53.8982,2549.97,yes
vec-opt 64x64,4096,4096,4096,7.94829,17291.6,yes
tensorcore wmma16,4096,4096,4096,10.7469,12788.7,yes
naive 16x16,256,256,256,0.909312,36.9009,yes
shared 32x8 tk32,256,256,256,938.787,0.0357423,yes
vectorized 32x8,256,256,256,0.528384,63.5039,yes
vec-opt 64x64,256,256,256,0.47104,71.2348,yes
tensorcore wmma16,256,256,256,0.40464,82.9242,yes
naive 16x16,512,512,512,0.11776,2279.51,yes
shared 32x8 tk32,512,512,512,337.15,0.79619,yes
vectorized 32x8,512,512,512,0.19456,1379.71,yes
vec-opt 64x64,512,512,512,0.061472,4366.79,yes
tensorcore wmma16,512,512,512,0.051392,5223.29,yes
naive 16x16,1024,1024,1024,0.80384,2671.53,yes
shared 32x8 tk32,1024,1024,1024,768.446,2.79458,yes
vectorized 32x8,1024,1024,1024,0.91136,2356.35,yes
vec-opt 64x64,1024,1024,1024,0.166912,12866,yes
tensorcore wmma16,1024,1024,1024,0.144384,14873.4,yes
naive 16x16,2048,2048,2048,6.23309,2756.24,yes
shared 32x8 tk32,2048,2048,2048,4158.33,4.13143,yes
vectorized 32x8,2048,2048,2048,6.10509,2814.02,yes
vec-opt 64x64,2048,2048,2048,1.00557,17084.7,yes
tensorcore wmma16,2048,2048,2048,1.1264,15252,yes
naive 16x16,4096,4096,4096,48.0993,2857.4,yes
shared 32x8 tk32,4096,4096,4096,31241.4,4.39926,yes
vectorized 32x8,4096,4096,4096,51.2132,2683.66,yes
vec-opt 64x64,4096,4096,4096,7.53971,18228.7,yes
tensorcore wmma16,4096,4096,4096,10.2175,13451.4,yes
naive 16x16,256,256,256,0.64,52.4288,yes
shared 32x8 tk32,256,256,256,0.41376,81.0964,yes
vectorized 32x8,256,256,256,0.456704,73.4709,yes
vec-opt 64x64,256,256,256,0.326656,102.721,yes
tensorcore wmma16,256,256,256,902.616,0.0371746,yes
naive 16x16,512,512,512,0.126976,2114.06,yes
shared 32x8 tk32,512,512,512,0.14336,1872.46,yes
vectorized 32x8,512,512,512,0.16896,1588.75,yes
vec-opt 64x64,512,512,512,0.049344,5440.08,yes
tensorcore wmma16,512,512,512,290.597,0.923738,yes
naive 16x16,1024,1024,1024,0.817056,2628.32,yes
shared 32x8 tk32,1024,1024,1024,0.969728,2214.52,yes
vectorized 32x8,1024,1024,1024,0.90624,2369.66,yes
vec-opt 64x64,1024,1024,1024,0.175104,12264,yes
tensorcore wmma16,1024,1024,1024,285.224,7.52911,yes
naive 16x16,2048,2048,2048,6.21978,2762.14,yes
shared 32x8 tk32,2048,2048,2048,7.23354,2375.03,yes
vectorized 32x8,2048,2048,2048,6.80243,2525.55,yes
vec-opt 64x64,2048,2048,2048,1.04243,16480.6,yes
tensorcore wmma16,2048,2048,2048,441.126,38.9455,yes
naive 16x16,4096,4096,4096,50.1217,2742.1,yes
shared 32x8 tk32,4096,4096,4096,58.369,2354.66,yes
vectorized 32x8,4096,4096,4096,51.1415,2687.43,yes
vec-opt 64x64,4096,4096,4096,7.53069,18250.5,yes
tensorcore wmma16,4096,4096,4096,1691.78,81.2391,yes
naive 16x16,256,256,256,0.10624,315.836,yes
shared 32x8 tk32,256,256,256,0.113664,295.207,yes
vectorized 32x8,256,256,256,0.142336,235.741,yes
vec-opt 64x64,256,256,256,0.118784,282.483,yes
tensorcore wmma16,256,256,256,0.1536,218.453,yes
naive 16x16,512,512,512,0.111616,2404.99,yes
shared 32x8 tk32,512,512,512,0.132096,2032.12,yes
vectorized 32x8,512,512,512,0.159744,1680.41,yes
vec-opt 64x64,512,512,512,0.067584,3971.88,yes
tensorcore wmma16,512,512,512,0.028672,9362.29,yes
naive 16x16,1024,1024,1024,0.800768,2681.78,yes
shared 32x8 tk32,1024,1024,1024,0.930816,2307.1,yes
vectorized 32x8,1024,1024,1024,0.873472,2458.56,yes
vec-opt 64x64,1024,1024,1024,0.146432,14665.4,yes
tensorcore wmma16,1024,1024,1024,0.125952,17050,yes
naive 16x16,2048,2048,2048,6.22797,2758.5,yes
shared 32x8 tk32,2048,2048,2048,7.20819,2383.38,yes
vectorized 32x8,2048,2048,2048,7.13011,2409.48,yes
vec-opt 64x64,2048,2048,2048,1.03936,16529.3,yes
tensorcore wmma16,2048,2048,2048,1.40595,12219.4,yes
naive 16x16,4096,4096,4096,50.7617,2707.53,yes
shared 32x8 tk32,4096,4096,4096,59.2763,2318.62,yes
vectorized 32x8,4096,4096,4096,51.415,2673.13,yes
vec-opt 64x64,4096,4096,4096,7.98003,17222.9,yes
tensorcore wmma16,4096,4096,4096,10.6291,12930.4,yes
naive 16x16,256,256,256,0.436288,76.9089,yes
shared 32x8 tk32,256,256,256,732.754,0.0457922,yes
vectorized 32x8,256,256,256,0.364544,92.0449,yes
vec-opt 64x64,256,256,256,0.272384,123.188,yes
tensorcore wmma16,256,256,256,0.229376,146.286,yes
naive 16x16,512,512,512,0.106496,2520.62,yes
shared 32x8 tk32,512,512,512,317.646,0.845078,yes
vectorized 32x8,512,512,512,0.193536,1387.01,yes
vec-opt 64x64,512,512,512,0.050176,5349.88,yes
tensorcore wmma16,512,512,512,0.039936,6721.64,yes
naive 16x16,1024,1024,1024,0.79872,2688.66,yes
shared 32x8 tk32,1024,1024,1024,759.874,2.82611,yes
vectorized 32x8,1024,1024,1024,0.858112,2502.57,yes
vec-opt 64x64,1024,1024,1024,0.193536,11096,yes
tensorcore wmma16,1024,1024,1024,0.134144,16008.8,yes
naive 16x16,2048,2048,2048,5.86966,2926.89,yes
shared 32x8 tk32,2048,2048,2048,4090.73,4.19971,yes
vectorized 32x8,2048,2048,2048,6.15117,2792.94,yes
vec-opt 64x64,2048,2048,2048,0.995328,17260.5,yes
tensorcore wmma16,2048,2048,2048,1.1264,15252,yes
naive 16x16,4096,4096,4096,48.0123,2862.58,yes
shared 32x8 tk32,4096,4096,4096,30546.7,4.4993,yes
vectorized 32x8,4096,4096,4096,52.4196,2621.9,yes
vec-opt 64x64,4096,4096,4096,7.9831,17216.2,yes
tensorcore wmma16,4096,4096,4096,10.6025,12962.9,yes
naive 16x16,256,256,256,0.484384,69.2724,yes
shared 32x8 tk32,256,256,256,0.449536,74.6424,yes
vectorized 32x8,256,256,256,0.32272,103.974,yes
vec-opt 64x64,256,256,256,0.28672,117.029,yes
tensorcore wmma16,256,256,256,751.114,0.0446729,yes
naive 16x16,512,512,512,0.116736,2299.51,yes
shared 32x8 tk32,512,512,512,0.14336,1872.46,yes
vectorized 32x8,512,512,512,0.167936,1598.44,yes
vec-opt 64x64,512,512,512,0.048128,5577.53,yes
tensorcore wmma16,512,512,512,234.59,1.14427,yes
naive 16x16,1024,1024,1024,0.797696,2692.11,yes
shared 32x8 tk32,1024,1024,1024,0.943008,2277.27,yes
vectorized 32x8,1024,1024,1024,0.89088,2410.52,yes
vec-opt 64x64,1024,1024,1024,0.162816,13189.6,yes
tensorcore wmma16,1024,1024,1024,235.978,9.10037,yes
naive 16x16,2048,2048,2048,6.21261,2765.32,yes
shared 32x8 tk32,2048,2048,2048,7.21405,2381.45,yes
vectorized 32x8,2048,2048,2048,6.89152,2492.9,yes
vec-opt 64x64,2048,2048,2048,1.39981,12273,yes
tensorcore wmma16,2048,2048,2048,415.525,41.345,yes
naive 16x16,4096,4096,4096,47.6703,2883.12,yes
shared 32x8 tk32,4096,4096,4096,56.7224,2423.01,yes
vectorized 32x8,4096,4096,4096,49.1684,2795.27,yes
vec-opt 64x64,4096,4096,4096,7.54176,18223.7,yes
tensorcore wmma16,4096,4096,4096,1765.55,77.8449,yes
naive 16x16,256,256,256,0.126976,264.258,yes
shared 32x8 tk32,256,256,256,0.13824,242.726,yes
vectorized 32x8,256,256,256,0.165888,202.272,yes
vec-opt 64x64,256,256,256,0.057344,585.143,yes
tensorcore wmma16,256,256,256,0.093184,360.088,yes
naive 16x16,512,512,512,0.113664,2361.66,yes
shared 32x8 tk32,512,512,512,0.132096,2032.12,yes
vectorized 32x8,512,512,512,0.158624,1692.28,yes
vec-opt 64x64,512,512,512,0.038752,6927.01,yes
tensorcore wmma16,512,512,512,0.016384,16384,yes
naive 16x16,1024,1024,1024,1.0711,2004.93,yes
shared 32x8 tk32,1024,1024,1024,0.943104,2277.04,yes
vectorized 32x8,1024,1024,1024,0.882688,2432.89,yes
vec-opt 64x64,1024,1024,1024,0.1536,13981,yes
tensorcore wmma16,1024,1024,1024,0.132864,16163,yes
naive 16x16,2048,2048,2048,6.46349,2657.99,yes
shared 32x8 tk32,2048,2048,2048,7.48032,2296.68,yes
vectorized 32x8,2048,2048,2048,6.92941,2479.27,yes
vec-opt 64x64,2048,2048,2048,1.53395,11199.7,yes
tensorcore wmma16,2048,2048,2048,1.39264,12336.2,yes
naive 16x16,4096,4096,4096,51.9055,2647.87,yes
shared 32x8 tk32,4096,4096,4096,61.5803,2231.87,yes
vectorized 32x8,4096,4096,4096,54.1972,2535.9,yes
vec-opt 64x64,4096,4096,4096,7.5305,18251,yes
tensorcore wmma16,4096,4096,4096,10.5687,13004.3,yes
naive 16x16,256,256,256,0.681984,49.2012,yes
shared 32x8 tk32,256,256,256,709.794,0.0472735,yes
vectorized 32x8,256,256,256,0.447488,74.984,yes
vec-opt 64x64,256,256,256,0.256,131.072,yes
tensorcore wmma16,256,256,256,0.37888,88.5622,yes
naive 16x16,512,512,512,0.111616,2404.99,yes
shared 32x8 tk32,512,512,512,334.941,0.801441,yes
vectorized 32x8,512,512,512,0.195584,1372.48,yes
vec-opt 64x64,512,512,512,0.057344,4681.14,yes
tensorcore wmma16,512,512,512,0.033792,7943.76,yes
naive 16x16,1024,1024,1024,0.80384,2671.53,yes
shared 32x8 tk32,1024,1024,1024,743.427,2.88863,yes
vectorized 32x8,1024,1024,1024,0.883872,2429.63,yes
vec-opt 64x64,1024,1024,1024,0.160768,13357.7,yes
tensorcore wmma16,1024,1024,1024,0.132096,16257,yes
naive 16x16,2048,2048,2048,5.8665,2928.47,yes
shared 32x8 tk32,2048,2048,2048,4220.49,4.07058,yes
vectorized 32x8,2048,2048,2048,6.99501,2456.02,yes
vec-opt 64x64,2048,2048,2048,1.00147,17154.6,yes
tensorcore wmma16,2048,2048,2048,1.1264,15252,yes
naive 16x16,4096,4096,4096,48.0604,2859.71,yes
shared 32x8 tk32,4096,4096,4096,31263,4.39622,yes
vectorized 32x8,4096,4096,4096,49.3793,2783.33,yes
vec-opt 64x64,4096,4096,4096,7.55098,18201.5,yes
tensorcore wmma16,4096,4096,4096,10.1131,13590.2,yes
naive 16x16,256,256,256,0.518144,64.7589,yes
shared 32x8 tk32,256,256,256,0.251904,133.203,yes
vectorized 32x8,256,256,256,0.301056,111.456,yes
vec-opt 64x64,256,256,256,0.26624,126.031,yes
tensorcore wmma16,256,256,256,686.679,0.0488648,yes
naive 16x16,512,512,512,0.116736,2299.51,yes
shared 32x8 tk32,512,512,512,0.14336,1872.46,yes
vectorized 32x8,512,512,512,0.175104,1533.01,yes
vec-opt 64x64,512,512,512,0.052224,5140.08,yes
tensorcore wmma16,512,512,512,234.108,1.14663,yes
naive 16x16,1024,1024,1024,0.879616,2441.39,yes
shared 32x8 tk32,1024,1024,1024,0.970752,2212.19,yes
vectorized 32x8,1024,1024,1024,0.893952,2402.24,yes
vec-opt 64x64,1024,1024,1024,0.15872,13530,yes
tensorcore wmma16,1024,1024,1024,252.93,8.49042,yes
naive 16x16,2048,2048,2048,6.21875,2762.59,yes
shared 32x8 tk32,2048,2048,2048,8.4265,2038.79,yes
vectorized 32x8,2048,2048,2048,6.46451,2657.57,yes
vec-opt 64x64,2048,2048,2048,1.05677,16257,yes
tensorcore wmma16,2048,2048,2048,446.847,38.4469,yes
naive 16x16,4096,4096,4096,54.3171,2530.31,yes
shared 32x8 tk32,4096,4096,4096,55.9596,2456.04,yes
vectorized 32x8,4096,4096,4096,50.2118,2737.18,yes
vec-opt 64x64,4096,4096,4096,7.57248,18149.8,yes
tensorcore wmma16,4096,4096,4096,1755.18,78.3049,yes
naive 16x16,256,256,256,0.166912,201.031,yes
shared 32x8 tk32,256,256,256,0.073728,455.111,yes
vectorized 32x8,256,256,256,0.160768,208.713,yes
vec-opt 64x64,256,256,256,0.160608,208.921,yes
tensorcore wmma16,256,256,256,0.144384,232.397,yes
naive 16x16,512,512,512,0.12288,2184.53,yes
shared 32x8 tk32,512,512,512,0.147456,1820.44,yes
vectorized 32x8,512,512,512,0.1536,1747.63,yes
vec-opt 64x64,512,512,512,0.037888,7084.97,yes
tensorcore wmma16,512,512,512,0.049152,5461.33,yes
naive 16x16,1024,1024,1024,0.801792,2678.35,yes
shared 32x8 tk32,1024,1024,1024,0.938144,2289.08,yes
vectorized 32x8,1024,1024,1024,1.06906,2008.77,yes
vec-opt 64x64,1024,1024,1024,0.146432,14665.4,yes
tensorcore wmma16,1024,1024,1024,0.125952,17050,yes
naive 16x16,2048,2048,2048,7.48115,2296.42,yes
shared 32x8 tk32,2048,2048,2048,7.70483,2229.75,yes
vectorized 32x8,2048,2048,2048,6.9591,2468.69,yes
vec-opt 64x64,2048,2048,2048,1.26454,13585.8,yes
tensorcore wmma16,2048,2048,2048,1.16736,14716.9,yes
naive 16x16,4096,4096,4096,51.4642,2670.57,yes
shared 32x8 tk32,4096,4096,4096,59.5517,2307.89,yes
vectorized 32x8,4096,4096,4096,54.3836,2527.21,yes
vec-opt 64x64,4096,4096,4096,8.29235,16574.2,yes
tensorcore wmma16,4096,4096,4096,10.9793,12518,yes
naive 16x16,256,256,256,0.503552,66.6355,yes
shared 32x8 tk32,256,256,256,704.897,0.0476019,yes
vectorized 32x8,256,256,256,0.455456,73.6722,yes
vec-opt 64x64,256,256,256,0.36064,93.0414,yes
tensorcore wmma16,256,256,256,0.319584,104.994,yes
naive 16x16,512,512,512,0.105504,2544.32,yes
shared 32x8 tk32,512,512,512,309.787,0.866517,yes
vectorized 32x8,512,512,512,0.250592,1071.21,yes
vec-opt 64x64,512,512,512,0.080896,3318.28,yes
tensorcore wmma16,512,512,512,0.063488,4228.13,yes
naive 16x16,1024,1024,1024,0.843776,2545.09,yes
shared 32x8 tk32,1024,1024,1024,719.114,2.98629,yes
vectorized 32x8,1024,1024,1024,1.29946,1652.6,yes
vec-opt 64x64,1024,1024,1024,0.13824,15534.5,yes
tensorcore wmma16,1024,1024,1024,0.12288,17476.3,yes
naive 16x16,2048,2048,2048,6.34573,2707.31,yes
shared 32x8 tk32,2048,2048,2048,4225.43,4.06582,yes
vectorized 32x8,2048,2048,2048,6.09075,2820.65,yes
vec-opt 64x64,2048,2048,2048,1.0025,17137.1,yes
tensorcore wmma16,2048,2048,2048,1.13552,15129.5,yes
naive 16x16,4096,4096,4096,48.1311,2855.51,yes
shared 32x8 tk32,4096,4096,4096,31280,4.39382,yes
vectorized 32x8,4096,4096,4096,49.103,2798.99,yes
vec-opt 64x64,4096,4096,4096,9.02477,15229.1,yes
tensorcore wmma16,4096,4096,4096,10.3066,13335.1,yes
naive 16x16,256,256,256,0.520096,64.5158,yes
shared 32x8 tk32,256,256,256,0.434176,77.283,yes
vectorized 32x8,256,256,256,0.352256,95.2558,yes
vec-opt 64x64,256,256,256,0.330752,101.449,yes
tensorcore wmma16,256,256,256,737.174,0.0455177,yes
naive 16x16,512,512,512,0.110592,2427.26,yes
shared 32x8 tk32,512,512,512,0.160768,1669.71,yes
vectorized 32x8,512,512,512,0.182272,1472.72,yes
vec-opt 64x64,512,512,512,0.05632,4766.25,yes
tensorcore wmma16,512,512,512,241.083,1.11345,yes
naive 16x16,1024,1024,1024,0.856064,2508.55,yes
shared 32x8 tk32,1024,1024,1024,0.970752,2212.19,yes
vectorized 32x8,1024,1024,1024,0.892928,2404.99,yes
vec-opt 64x64,1024,1024,1024,0.157696,13617.9,yes
tensorcore wmma16,1024,1024,1024,231.981,9.25715,yes
naive 16x16,2048,2048,2048,6.47885,2651.69,yes
shared 32x8 tk32,2048,2048,2048,7.26118,2365.99,yes
vectorized 32x8,2048,2048,2048,6.41331,2678.78,yes
vec-opt 64x64,2048,2048,2048,1.05568,16273.7,yes
tensorcore wmma16,2048,2048,2048,469.901,36.5606,yes
naive 16x16,4096,4096,4096,48.2314,2849.57,yes
shared 32x8 tk32,4096,4096,4096,58.7059,2341.14,yes
vectorized 32x8,4096,4096,4096,50.8805,2701.21,yes
vec-opt 64x64,4096,4096,4096,8.03942,17095.6,yes
tensorcore wmma16,4096,4096,4096,1666.59,82.4672,yes
naive 16x16,256,256,256,0.167936,199.805,yes
shared 32x8 tk32,256,256,256,0.146432,229.147,yes
vectorized 32x8,256,256,256,0.193568,173.347,yes
vec-opt 64x64,256,256,256,0.16384,204.8,yes
tensorcore wmma16,256,256,256,0.123904,270.81,yes
naive 16x16,512,512,512,0.111616,2404.99,yes
shared 32x8 tk32,512,512,512,0.132288,2029.17,yes
vectorized 32x8,512,512,512,0.1536,1747.63,yes
vec-opt 64x64,512,512,512,0.036864,7281.78,yes
tensorcore wmma16,512,512,512,0.028672,9362.29,yes
naive 16x16,1024,1024,1024,0.804864,2668.13,yes
shared 32x8 tk32,1024,1024,1024,0.924672,2322.43,yes
vectorized 32x8,1024,1024,1024,0.876544,2449.94,yes
vec-opt 64x64,1024,1024,1024,0.152576,14074.8,yes
tensorcore wmma16,1024,1024,1024,0.131072,16384,yes
naive 16x16,2048,2048,2048,6.45018,2663.47,yes
shared 32x8 tk32,2048,2048,2048,7.93088,2166.2,yes
vectorized 32x8,2048,2048,2048,6.4215,2675.37,yes
vec-opt 64x64,2048,2048,2048,1.03834,16545.6,yes
tensorcore wmma16,2048,2048,2048,1.40288,12246.1,yes
naive 16x16,4096,4096,4096,53.8819,2550.75,yes
shared 32x8 tk32,4096,4096,4096,59.3572,2315.46,yes
vectorized 32x8,4096,4096,4096,53.3779,2574.83,yes
vec-opt 64x64,4096,4096,4096,7.94918,17289.7,yes
tensorcore wmma16,4096,4096,4096,10.6721,12878.3,yes
naive 16x16,256,256,256,0.114688,292.571,yes
shared 32x8 tk32,256,256,256,0.139264,240.941,yes
vectorized 32x8,256,256,256,0.214016,156.785,yes
vec-opt 64x64,256,256,256,0.192576,174.24,yes
tensorcore wmma16,256,256,256,0.108544,309.132,yes
naive 16x16,512,512,512,0.116736,2299.51,yes
shared 32x8 tk32,512,512,512,0.132096,2032.12,yes
vectorized 32x8,512,512,512,0.161792,1659.14,yes
vec-opt 64x64,512,512,512,0.031744,8456.26,yes
tensorcore wmma16,512,512,512,0.057344,4681.14,yes
naive 16x16,1024,1024,1024,0.79872,2688.66,yes
shared 32x8 tk32,1024,1024,1024,0.929792,2309.64,yes
vectorized 32x8,1024,1024,1024,0.868352,2473.06,yes
vec-opt 64x64,1024,1024,1024,0.160928,13344.4,yes
tensorcore wmma16,1024,1024,1024,0.13504,15902.6,yes
naive 16x16,2048,2048,2048,7.33901,2340.9,yes
shared 32x8 tk32,2048,2048,2048,9.93792,1728.72,yes
vectorized 32x8,2048,2048,2048,6.4512,2663.05,yes
vec-opt 64x64,2048,2048,2048,1.03731,16561.9,yes
tensorcore wmma16,2048,2048,2048,1.16224,14781.7,yes
naive 16x16,4096,4096,4096,50.732,2709.12,yes
shared 32x8 tk32,4096,4096,4096,59.3654,2315.14,yes
vectorized 32x8,4096,4096,4096,54.5761,2518.3,yes
vec-opt 64x64,4096,4096,4096,7.94842,17291.4,yes
tensorcore wmma16,4096,4096,4096,10.6875,12859.8,yes
naive 16x16,256,256,256,0.505856,66.332,yes
shared 32x8 tk32,256,256,256,689.992,0.0486302,yes
vectorized 32x8,256,256,256,0.421888,79.534,yes
vec-opt 64x64,256,256,256,0.622592,53.8947,yes
tensorcore wmma16,256,256,256,0.615424,54.5225,yes
naive 16x16,512,512,512,0.105344,2548.18,yes
shared 32x8 tk32,512,512,512,307.257,0.87365,yes
vectorized 32x8,512,512,512,0.154624,1736.05,yes
vec-opt 64x64,512,512,512,0.031744,8456.26,yes
tensorcore wmma16,512,512,512,0.017408,15420.2,yes
naive 16x16,1024,1024,1024,0.79872,2688.66,yes
shared 32x8 tk32,1024,1024,1024,742.782,2.89114,yes
vectorized 32x8,1024,1024,1024,0.852992,2517.59,yes
vec-opt 64x64,1024,1024,1024,0.157696,13617.9,yes
tensorcore wmma16,1024,1024,1024,0.131072,16384,yes
naive 16x16,2048,2048,2048,5.87155,2925.95,yes
shared 32x8 tk32,2048,2048,2048,4554.71,3.77189,yes
vectorized 32x8,2048,2048,2048,7.3216,2346.46,yes
vec-opt 64x64,2048,2048,2048,1.03117,16660.6,yes
tensorcore wmma16,2048,2048,2048,1.152,14913.1,yes
naive 16x16,4096,4096,4096,48.3584,2842.09,yes
shared 32x8 tk32,4096,4096,4096,32719.3,4.20055,yes
vectorized 32x8,4096,4096,4096,57.1566,2404.6,yes
vec-opt 64x64,4096,4096,4096,9.7024,14165.5,yes
tensorcore wmma16,4096,4096,4096,11.2886,12175,yes
naive 16x16,256,256,256,0.498688,67.2854,yes
shared 32x8 tk32,256,256,256,0.374784,89.5301,yes
vectorized 32x8,256,256,256,0.381952,87.8499,yes
vec-opt 64x64,256,256,256,0.400384,83.8056,yes
tensorcore wmma16,256,256,256,970.508,0.0345741,yes
naive 16x16,512,512,512,0.152576,1759.36,yes
shared 32x8 tk32,512,512,512,0.16384,1638.4,yes
vectorized 32x8,512,512,512,0.188416,1424.7,yes
vec-opt 64x64,512,512,512,0.069632,3855.06,yes
tensorcore wmma16,512,512,512,333.942,0.803839,yes
naive 16x16,1024,1024,1024,0.804864,2668.13,yes
shared 32x8 tk32,1024,1024,1024,0.956416,2245.34,yes
vectorized 32x8,1024,1024,1024,0.8704,2467.24,yes
vec-opt 64x64,1024,1024,1024,0.188416,11397.6,yes
tensorcore wmma16,1024,1024,1024,274.812,7.81438,yes
naive 16x16,2048,2048,2048,6.22694,2758.96,yes
shared 32x8 tk32,2048,2048,2048,7.67795,2237.56,yes
vectorized 32x8,2048,2048,2048,6.49318,2645.83,yes
vec-opt 64x64,2048,2048,2048,1.09056,15753.3,yes
tensorcore wmma16,2048,2048,2048,515.269,33.3416,yes
naive 16x16,4096,4096,4096,50.223,2736.58,yes
shared 32x8 tk32,4096,4096,4096,60.4242,2274.57,yes
vectorized 32x8,4096,4096,4096,54.0037,2544.99,yes
vec-opt 64x64,4096,4096,4096,7.53261,18245.9,yes
tensorcore wmma16,4096,4096,4096,1781.1,77.1651,yes
naive 16x16,256,256,256,0.133952,250.496,yes
shared 32x8 tk32,256,256,256,0.197632,169.782,yes
vectorized 32x8,256,256,256,0.191392,175.318,yes
vec-opt 64x64,256,256,256,0.288768,116.199,yes
tensorcore wmma16,256,256,256,0.096256,348.596,yes
naive 16x16,512,512,512,0.111616,2404.99,yes
shared 32x8 tk32,512,512,512,0.126912,2115.13,yes
vectorized 32x8,512,512,512,0.152576,1759.36,yes
vec-opt 64x64,512,512,512,0.032768,8192,yes
tensorcore wmma16,512,512,512,0.028672,9362.29,yes
naive 16x16,1024,1024,1024,0.806912,2661.36,yes
shared 32x8 tk32,1024,1024,1024,1.18886,1806.33,yes
vectorized 32x8,1024,1024,1024,0.876544,2449.94,yes
vec-opt 64x64,1024,1024,1024,0.146432,14665.4,yes
tensorcore wmma16,1024,1024,1024,0.123904,17331.8,yes
naive 16x16,2048,2048,2048,6.76966,2537.77,yes
shared 32x8 tk32,2048,2048,2048,8.40192,2044.76,yes
vectorized 32x8,2048,2048,2048,6.6967,2565.42,yes
vec-opt 64x64,2048,2048,2048,1.04256,16478.5,yes
tensorcore wmma16,2048,2048,2048,1.16838,14704,yes
naive 16x16,4096,4096,4096,51.2,2684.35,yes
shared 32x8 tk32,4096,4096,4096,62.5541,2197.12,yes
vectorized 32x8,4096,4096,4096,55.4978,2476.47,yes
vec-opt 64x64,4096,4096,4096,8.3497,16460.4,yes
tensorcore wmma16,4096,4096,4096,11.4319,12022.4,yes
naive 16x16,256,256,256,0.416704,80.5234,yes
shared 32x8 tk32,256,256,256,790.182,0.0424642,yes
vectorized 32x8,256,256,256,0.40864,82.1125,yes
vec-opt 64x64,256,256,256,0.313344,107.085,yes
tensorcore wmma16,256,256,256,0.253952,132.129,yes
naive 16x16,512,512,512,0.1536,1747.63,yes
shared 32x8 tk32,512,512,512,287.562,0.933488,yes
vectorized 32x8,512,512,512,0.201728,1330.68,yes
vec-opt 64x64,512,512,512,0.068608,3912.6,yes
tensorcore wmma16,512,512,512,0.047104,5698.78,yes
naive 16x16,1024,1024,1024,1.17862,1822.03,yes
shared 32x8 tk32,1024,1024,1024,749.51,2.86518,yes
vectorized 32x8,1024,1024,1024,0.861312,2493.27,yes
vec-opt 64x64,1024,1024,1024,0.175104,12264,yes
tensorcore wmma16,1024,1024,1024,0.134144,16008.8,yes
naive 16x16,2048,2048,2048,5.86957,2926.94,yes
shared 32x8 tk32,2048,2048,2048,4149,4.14073,yes
vectorized 32x8,2048,2048,2048,6.09587,2818.28,yes
vec-opt 64x64,2048,2048,2048,0.997376,17225.1,yes
tensorcore wmma16,2048,2048,2048,1.1305,15196.8,yes
naive 16x16,4096,4096,4096,61.0232,2252.24,yes
shared 32x8 tk32,4096,4096,4096,31568.1,4.35374,yes
vectorized 32x8,4096,4096,4096,53.505,2568.71,yes
vec-opt 64x64,4096,4096,4096,7.57658,18140,yes
tensorcore wmma16,4096,4096,4096,10.2318,13432.5,yes
naive 16x16,256,256,256,0.46144,72.7168,yes
shared 32x8 tk32,256,256,256,0.315456,106.368,yes
vectorized 32x8,256,256,256,0.39744,84.4264,yes
vec-opt 64x64,256,256,256,0.277504,120.915,yes
tensorcore wmma16,256,256,256,717.67,0.0467547,yes
naive 16x16,512,512,512,0.161792,1659.14,yes
shared 32x8 tk32,512,512,512,0.126976,2114.06,yes
vectorized 32x8,512,512,512,0.192512,1394.38,yes
vec-opt 64x64,512,512,512,0.068608,3912.6,yes
tensorcore wmma16,512,512,512,272.015,0.986839,yes
naive 16x16,1024,1024,1024,0.8048,2668.34,yes
shared 32x8 tk32,1024,1024,1024,0.940032,2284.48,yes
vectorized 32x8,1024,1024,1024,0.894976,2399.49,yes
vec-opt 64x64,1024,1024,1024,0.157696,13617.9,yes
tensorcore wmma16,1024,1024,1024,262.764,8.17269,yes
naive 16x16,2048,2048,2048,6.21875,2762.59,yes
shared 32x8 tk32,2048,2048,2048,7.21408,2381.44,yes
vectorized 32x8,2048,2048,2048,6.42253,2674.94,yes
vec-opt 64x64,2048,2048,2048,1.04141,16496.8,yes
tensorcore wmma16,2048,2048,2048,466.95,36.7917,yes
naive 16x16,4096,4096,4096,48.7629,2818.52,yes
shared 32x8 tk32,4096,4096,4096,57.9789,2370.5,yes
vectorized 32x8,4096,4096,4096,51.2983,2679.21,yes
vec-opt 64x64,4096,4096,4096,7.54893,18206.4,yes
tensorcore wmma16,4096,4096,4096,1732.52,79.3287,yes
naive 16x16,256,256,256,0.199488,168.203,yes
shared 32x8 tk32,256,256,256,0.136192,246.376,yes
vectorized 32x8,256,256,256,0.13312,252.062,yes
vec-opt 64x64,256,256,256,0.120704,277.989,yes
tensorcore wmma16,256,256,256,0.1024,327.68,yes
naive 16x16,512,512,512,0.116736,2299.51,yes
shared 32x8 tk32,512,512,512,0.132096,2032.12,yes
vectorized 32x8,512,512,512,0.159744,1680.41,yes
vec-opt 64x64,512,512,512,0.037888,7084.97,yes
tensorcore wmma16,512,512,512,0.03168,8473.34,yes
naive 16x16,1024,1024,1024,0.804864,2668.13,yes
shared 32x8 tk32,1024,1024,1024,0.930816,2307.1,yes
vectorized 32x8,1024,1024,1024,0.877568,2447.09,yes
vec-opt 64x64,1024,1024,1024,0.151552,14169.9,yes
tensorcore wmma16,1024,1024,1024,0.13312,16131.9,yes
naive 16x16,2048,2048,2048,6.22899,2758.05,yes
shared 32x8 tk32,2048,2048,2048,7.45968,2303.03,yes
vectorized 32x8,2048,2048,2048,7.70547,2229.57,yes
vec-opt 64x64,2048,2048,2048,1.50339,11427.4,yes
tensorcore wmma16,2048,2048,2048,1.17965,14563.6,yes
naive 16x16,4096,4096,4096,54.315,2530.4,yes
shared 32x8 tk32,4096,4096,4096,59.3971,2313.9,yes
vectorized 32x8,4096,4096,4096,51.5809,2664.53,yes
vec-opt 64x64,4096,4096,4096,7.97171,17240.8,yes
tensorcore wmma16,4096,4096,4096,10.5492,13028.3,yes
naive 16x16,256,256,256,0.893952,37.5349,yes
shared 32x8 tk32,256,256,256,831.542,0.040352,yes
vectorized 32x8,256,256,256,0.349184,96.0938,yes
vec-opt 64x64,256,256,256,0.277504,120.915,yes
tensorcore wmma16,256,256,256,0.306784,109.375,yes
naive 16x16,512,512,512,0.110592,2427.26,yes
shared 32x8 tk32,512,512,512,306.221,0.876607,yes
vectorized 32x8,512,512,512,0.219072,1225.33,yes
vec-opt 64x64,512,512,512,0.085856,3126.58,yes
tensorcore wmma16,512,512,512,0.062464,4297.44,yes
naive 16x16,1024,1024,1024,0.804864,2668.13,yes
shared 32x8 tk32,1024,1024,1024,760.359,2.8243,yes
vectorized 32x8,1024,1024,1024,0.868352,2473.06,yes
vec-opt 64x64,1024,1024,1024,0.164864,13025.8,yes
tensorcore wmma16,1024,1024,1024,0.136064,15782.9,yes
naive 16x16,2048,2048,2048,5.86746,2927.99,yes
shared 32x8 tk32,2048,2048,2048,4128.64,4.16115,yes
vectorized 32x8,2048,2048,2048,6.87616,2498.47,yes
vec-opt 64x64,2048,2048,2048,1.00557,17084.7,yes
tensorcore wmma16,2048,2048,2048,1.11411,15420.2,yes
naive 16x16,4096,4096,4096,47.6406,2884.91,yes
shared 32x8 tk32,4096,4096,4096,31101.2,4.41908,yes
vectorized 32x8,4096,4096,4096,63.0315,2180.48,yes
vec-opt 64x64,4096,4096,4096,8.89651,15448.6,yes
tensorcore wmma16,4096,4096,4096,11.2558,12210.5,yes
naive 16x16,256,256,256,0.452672,74.1253,yes
shared 32x8 tk32,256,256,256,0.279552,120.029,yes
vectorized 32x8,256,256,256,0.309056,108.571,yes
vec-opt 64x64,256,256,256,0.282624,118.725,yes
tensorcore wmma16,256,256,256,749.185,0.0447879,yes
naive 16x16,512,512,512,0.123904,2166.48,yes
shared 32x8 tk32,512,512,512,0.142336,1885.93,yes
vectorized 32x8,512,512,512,0.178176,1506.57,yes
vec-opt 64x64,512,512,512,0.058496,4588.95,yes
tensorcore wmma16,512,512,512,259.373,1.03494,yes
naive 16x16,1024,1024,1024,0.80384,2671.53,yes
shared 32x8 tk32,1024,1024,1024,0.943104,2277.04,yes
vectorized 32x8,1024,1024,1024,0.879616,2441.39,yes
vec-opt 64x64,1024,1024,1024,0.152576,14074.8,yes
tensorcore wmma16,1024,1024,1024,288.273,7.44947,yes
naive 16x16,2048,2048,2048,8.41318,2042.02,yes
shared 32x8 tk32,2048,2048,2048,7.23763,2373.69,yes
vectorized 32x8,2048,2048,2048,6.42979,2671.92,yes
vec-opt 64x64,2048,2048,2048,1.05267,16320.2,yes
tensorcore wmma16,2048,2048,2048,444.545,38.646,yes
naive 16x16,4096,4096,4096,51.5145,2667.97,yes
shared 32x8 tk32,4096,4096,4096,58.0547,2367.41,yes
vectorized 32x8,4096,4096,4096,55.4629,2478.03,yes
vec-opt 64x64,4096,4096,4096,7.94733,17293.7,yes
tensorcore wmma16,4096,4096,4096,1746.21,78.707,yes
